Sport,Code_Entity,Code,Order,Description,Note
AR,Bracket,BRN,,Bronze
AR,Bracket,FNL,,Finals
AR,BracketItems,FNL,,Finals
AR,BracketItems,QFL,,Quarterfinals
AR,BracketItems,R16,,1/8 Elimination Round
AR,BracketItems,R32,,1/16 Elimination Round
AR,BracketItems,R64,,1/32 Elimination Round
AR,BracketItems,SFL,,Semifinals
AR,Hand,L,,Left
AR,Hand,R,,Right
AR,IRM,DNF,,Did not finish
AR,IRM,DNS,,Did not start
AR,IRM,DSQ,,Disqualified
AR,ResultType,IRM,,Invalid Result Mark
AR,ResultType,IRM_SETS,,"Send both, Sets and IRM"
AR,ResultType,POINTS,,Points
AR,ResultType,SETS,,Sets
AR,WLT,L,,Lost
AR,WLT,W,,Won
AT,IRM,DNF,,Did not finish
AT,IRM,DNS,,Did not start
AT,IRM,DQ,,Disqualified
AT,IRM,NM,,No mark
AT,QualificationMark,Q,,Q: Qualified by Place (track) or Standard (field)
AT,QualificationMark,q,,q: Qualified by time(track and relays) or rank (field events),It is only used in DT_PHASE_RESULT message
AT,ResultType,DISTANCE,,Performance in meters with 2 decimals
AT,ResultType,IRM,,Invalid Result Mark
AT,ResultType,POINTS,,Points
AT,ResultType,TIME,,Time
AT,UnitCategory,A,,Races (track and road) and relays
AT,UnitCategory,B,,Throws
AT,UnitCategory,C,,Horizontal jumps
AT,UnitCategory,D,,Vertical jumps
AT,Warning,~,,Loss of Contact
AT,Warning,>,,Bent knee
BD,Bracket,BRN,,Bronze
BD,Bracket,FNL,,Finals
BD,BracketItems,FNL,,Finals
BD,BracketItems,QFL,,Quarterfinals
BD,BracketItems,R16,,Round of 16 (only for Singles)
BD,BracketItems,SFL,,Semi-finals
BD,Hand,L,,Left
BD,Hand,R,,Right
BD,IRM,DQB,,Disqualified for Unsportsmanlike Behaviour
BD,IRM,DSQ,,Disqualified 
BD,IRM,RET,,Retired
BD,IRM,WDN,,Withdrawn
BD,Offence,OF1,,Excessive protest
BD,Offence,OF10,,Trying to influence line judges
BD,Offence,OF11,,Unsportsmanlike conduct
BD,Offence,OF12,,Inappropriate conduct
BD,Offence,OF2,,Unwelcome touch to Officials
BD,Offence,OF3,,Physical abuse
BD,Offence,OF4,,Abuse of racket or equipment
BD,Offence,OF5,,Abuse of shuttle
BD,Offence,OF6,,Oral abuse
BD,Offence,OF7,,Visible obscenity
BD,Offence,OF8,,Audible obscenity
BD,Offence,OF9,,Intentionally delay of the game
BD,Period,G1,,Game 1 
BD,Period,G2,,Game 2
BD,Period,G3,,Game 3
BD,Period,TOT,,Match (Total)
BD,ResultCode,BYE,,Bye
BD,ResultCode,WO,,Walkover
BD,ResultType,IRM_POINTS,,"For both, Points and Invalid Result Mark"
BD,ResultType,POINTS,,Points
BD,Statistics,ANALYSIS,,Match analysis statistics
BD,Statistics,CUM,,Penalty Statistics
BD,Statistics,TOU,,Tournament Statistics 
BK,Action,BLC,,Blocked Shot
BK,Action,CFOUL,,Coach Foul
BK,Action,ENDP,,End of Period
BK,Action,FD,,Foul drawn
BK,Action,FOUL,,Foul
BK,Action,FT,,Free throw
BK,Action,JB,,Jump ball
BK,Action,JBT,,"Jump ball situation, throw-in"
BK,Action,P2F,,2 pt shot fast break
BK,Action,P2I,,2 pt shot inside paint
BK,Action,P2O,,2 pt shot outside paint
BK,Action,P3,,3 pt shot 
BK,Action,P3F,,3 pt shot fast break
BK,Action,REB,,Rebound
BK,Action,ST,,Steal
BK,Action,STARTP,,Start of Period
BK,Action,SUBST,,Substitution
BK,Action,TO,,Turnover
BK,Action,TOUT,,Time Out
BK,Action,TREB,,Team Rebound
BK,Action,TTO,,Team Turnover
BK,ActionRole,ASSIST,,Assist
BK,ActionRole,IN,,In
BK,ActionRole,JBL,,Jump ball lost
BK,ActionRole,JBW,,Jump ball won
BK,ActionRole,OUT,,Out
BK,ActionRole,OUT_I,,"Out, Injury"
BK,ActionRole,SCR,,Scorer
BK,AthleteStatus,DSQ,,Disqualified
BK,AthleteStatus,SUSPEND,,Suspended
BK,Bracket,BRN,,Bronze
BK,Bracket,FNL,,Finals
BK,BracketItems,FNL,,Finals
BK,BracketItems,QFL,,Quarterfinals
BK,BracketItems,SFL,,Semifinals
BK,FreeThrow,1,,1st free throw
BK,FreeThrow,2,,2nd free throw
BK,FreeThrow,3,,3rd free throw
BK,FreeThrowOf,1,,Of 1 free throw
BK,FreeThrowOf,2,,Of 2 free throws
BK,FreeThrowOf,3,,Of 3 free throws
BK,IRM,DSQ,,Disqualified
BK,Period,HT,,Half Time
BK,Period,OT,,Overtime (All)
BK,Period,OT1,,Overtime 1
BK,Period,OT2,,Overtime 2
BK,Period,OT3,,Overtime 3
BK,Period,OT4,,Overtime 4
BK,Period,OT5,,Overtime 5
BK,Period,OT6,,Overtime 6
BK,Period,Q1,,Quarter 1
BK,Period,Q1_H,,Half of Quarter 1
BK,Period,Q2,,Quarter 2
BK,Period,Q2_H,,Half of Quarter 2
BK,Period,Q3,,Quarter 3
BK,Period,Q3_H,,Half of Quarter 3
BK,Period,Q4,,Quarter 4
BK,Period,Q4_H,,Half of Quarter 4
BK,Period,TOT,,Total
BK,Res_Sub,AO,,Alley-oop  (for 2 pts)
BK,Res_Sub,DU,,Dunk (for 2 pts)
BK,Res_Sub,JS,,Jump shot
BK,Res_Sub,LU,,Lay-up (for 2 pts)
BK,Res_Sub,TI,,Tip-in (for 2 pts)
BK,ResAction,BLC,,Blocked
BK,ResAction,BP,,Bad pass (for Turnover)
BK,ResAction,DQF,,Disqualifying Foul
BK,ResAction,DR,,Defensive Rebound
BK,ResAction,F1,,1 free throw awarded (for Foul)
BK,ResAction,F2,,2 free throws awarded (for Foul)
BK,ResAction,F3,,3 free throws awarded (for Foul)
BK,ResAction,GAME,,Start of Match (for Start of Period) and End of Match (for End of Period)
BK,ResAction,LB,,Ball handling (for Turnover)
BK,ResAction,MADE,,Made
BK,ResAction,MISS,,Missed
BK,ResAction,OB,,Out of bounds (for Turnover)
BK,ResAction,OF,,Offensive Foul
BK,ResAction,OR,,Offensive Rebound
BK,ResAction,PF,,Personal Foul
BK,ResAction,T24,,24 seconds (for Team Turnover)
BK,ResAction,T3,,3 seconds (for Turnover)
BK,ResAction,T5,,5 seconds (for Turnover)
BK,ResAction,T8,,8 seconds (for Team Turnover)
BK,ResAction,TF,,Technical Foul
BK,ResAction,TR,,Travelling (for Turnover)
BK,ResAction,UF,,Unsportsmanlike Foul
BK,ResAction,VI,,Backcourt violation (for Turnover)
BK,ResultType,IRM_POINTS,,"For both, Points and Invalid Result Mark"
BK,ResultType,POINTS,,Points 
BK,Sector,C,,Center. Straight on / Top of Circle
BK,Sector,FD,,Back court (from Downtown) (for 3 pts)
BK,Sector,LL,,Left Corner
BK,Sector,LW,,Left Wing
BK,Sector,P,,In the paint- except PI. Three Second Area (for 2 pts)
BK,Sector,PI,,Under the basket. Restricted Area (Part of Paint) (for 2 pts)
BK,Sector,RL,,Right Corner
BK,Sector,RW,,Right Wing
BK,ShotFlag,AL,,Points from second chance + fastbreak + after turnover
BK,ShotFlag,FB,,Fastbreak points
BK,ShotFlag,FT,,Points from fastbreak + after turnover
BK,ShotFlag,SC,,2nd chance points
BK,ShotFlag,SF,,Points from second chance + fastbreak
BK,ShotFlag,ST,,Points from second chance + after turnover
BK,ShotFlag,TO,,Points after turnover
BK,Statistics,CUM,,Cumulative Statistics of team and individual
BK,Statistics,IND_RANKING,,Ranking of Individual tournament statistics
BK,Statistics,TEAM_RANKING,,Ranking of Team tournament statistics
BK,Statistics,TOU,,Tournament Statistics
BV,Action,ATC,,Attack
BV,Action,BLC,,Block
BV,Action,DIG,,Dig
BV,Action,OPP_ERR,,Opponent Error
BV,Action,PTY,,Penalty
BV,Action,SRV,,Serve
BV,Action,STARTP,,Start of Period
BV,Action,TF,,Team Fault,"When UnitAction Value has this value it must be followed by Result with a value of ""FLT"" "
BV,Action,TOUT,,Time Out
BV,Bracket,BRN,,Bronze
BV,Bracket,FNL,,Finals
BV,BracketItems,FNL,,Finals
BV,BracketItems,QFL,,Quarterfinals
BV,BracketItems,R16,,Round of 16
BV,BracketItems,SFL,,Semifinals
BV,Hand,B,,Left/Right
BV,Hand,L,,Left
BV,Hand,R,,Right
BV,IRM,DSQ,,Disqualified
BV,IRM,INJ,,Injury
BV,Period,S1,1,Set 1
BV,Period,S2,2,Set 2
BV,Period,S3,3,Set 3
BV,Period,TOT,4,Total
BV,ResAction,ACE,,Ace
BV,ResAction,CON,,Continue
BV,ResAction,DEL,,Delay
BV,ResAction,DSQ,,Disqualified
BV,ResAction,EXP,,Expulsion
BV,ResAction,FLT,,Fault
BV,ResAction,MISC,,Misconduct
BV,ResAction,SCS,,Success
BV,ResultType,IRM_POINTS,,"For both, Points and Invalid Result Mark"
BV,ResultType,POINTS,,Points
BV,SpeedUnit,kmh,,Km/h
BV,SpeedUnit,mph,,mph
BV,Statistics,CUM,,Cumulative Statistics of team and individual
BV,Statistics,IND_RANKING,,Ranking of Individual tournament statistics
BV,Statistics,TEAM_RANKING,,Ranking of team tournament statistics
BV,WLT,L,,Lost
BV,WLT,W,,Won
BX,Bracket,FNL,,Finals
BX,BracketItems,FNL,,Final
BX,BracketItems,QFL,,Quarterfinals
BX,BracketItems,R16,,Round of 16
BX,BracketItems,R32,,Round of 32
BX,BracketItems,R64,,Round of 64
BX,BracketItems,SFL,,Semifinals
BX,IRM,DQB,,Disqualified for Unsportsmanlike Behaviour
BX,Period,R1,1,Round 1
BX,Period,R2,2,Round 2
BX,Period,R3,3,Round 3
BX,Period,R4,4,Round 4
BX,QualifyingType,AOB,,WSB APB Box-off
BX,QualifyingType,APB,,APB Ranking Individual Championships
BX,QualifyingType,HST,,Host Country Place
BX,QualifyingType,QAF,,AOB Africa Qualifying 2016
BX,QualifyingType,QAM,,AOB America Qualifying 2016
BX,QualifyingType,QAO,,AOB Asia/Oceania Qualifying 2016
BX,QualifyingType,QEU,,AOB Europe Qualifying 2016
BX,QualifyingType,TPC,,Tripartite Commission Place
BX,QualifyingType,WCH,,AOB World Championships 2016
BX,QualifyingType,WSB,,WSB Individual Championships
BX,ResultCode,DDQ,,Double Disqualification
BX,ResultCode,DKO,,Double Knockout
BX,ResultCode,DSQ,,Disqualification
BX,ResultCode,KO,,Knockout
BX,ResultCode,NC,,No Contest
BX,ResultCode,TKO,,Technical Knockout
BX,ResultCode,TKO-I,,Technical Knockout - Injury
BX,ResultCode,WO,,Walkover
BX,ResultCode,WP,,Win on Points
BX,ResultType,POINTS
BX,ResultType,RM,,Result Mark
BX,ResultType,RM_POINTS
BX,Statistics,TOU,,Tournament Statistics
BX,WLT,L,,Lost
BX,WLT,T,,No Winner
BX,WLT,W,,Won
CB,Bracket,FNL,,Finals
CB,BracketItem,FNL,,Final
CB,BracketItem,H1,,Heat 1
CB,BracketItem,H2,,Heat 2
CB,BracketItem,H3,,Heat 3
CB,BracketItem,H4,,Heat 4
CB,BracketItems,FNL,,Final
CB,BracketItems,QFL,,Quarterfinals
CB,BracketItems,SFL,,Semifinals
CB,Desc,201,,Semi-finals Heat 1
CB,Desc,202,,Semi-finals Heat 2
CB,Desc,301,,Quarterfinals Heat 1
CB,Desc,302,,Quarterfinals Heat 2
CB,Desc,303,,Quarterfinals Heat 3
CB,Desc,304,,Quarterfinals Heat 4
CB,Desc,900,,Seeding run
CB,IRM,DNF,,Did not finish
CB,IRM,DNS,,Did not start
CB,IRM,DSQ,,Disqualified
CB,IRM,REL,,Relegated
CB,QualificationMark,q,,Probably qualified
CB,QualificationMark,Q,,Qualified
CB,ResultType,IRM,,Invalid Result Mark
CB,ResultType,IRM_POINTS,,"For both, Points and Invalid Result Mark"
CB,ResultType,POINTS,,Points
CB,ResultType,TIME,,Time
CF,CompetitionType,CCH,,Continental Championships
CF,CompetitionType,ECH,,European Championships
CF,CompetitionType,IR,,International Regatta
CF,CompetitionType,OG,,Olympic Games
CF,CompetitionType,WC,,World Cup
CF,CompetitionType,WCH,,World Championships
CF,IRM,DNF,,Did not finish
CF,IRM,DNS,,Did not start
CF,IRM,DSQ,,Disqualified
CF,QualificationMark,??,,May qualify by time
CF,QualificationMark,FA,,Qualified for Final A
CF,QualificationMark,FB,,Qualified for Final B
CF,QualificationMark,SF,,Qualified for Semifinals
CF,QualificationMark,X,,Eliminated
CF,ResultType,IRM,,Invalid Result Mark
CF,ResultType,TIME,,Time
CF,SpeedUnit,ms,,m/s
CM,IntPtType,FL,,Finish Loop
CM,IntPtType,HL,,Half Lap
CM,IntPtType,LAP,,Lap
CM,IntPtType,SL,,Start Loop
CM,IRM,DNF,,Did not finish
CM,IRM,DNS,,Did not start
CM,IRM,DSQ,,Disqualified
CM,IRM,LAP,,Lapped
CM,ResultType,IRM,,Invalid result mark
CM,ResultType,RANK,,Rank without final result time
CM,ResultType,TIME,,Time
CR,CompetitorStatus,FINISHED,,Finished
CR,CompetitorStatus,NOT_STARTED,,Not Started
CR,CompetitorStatus,STARTED,,Started
CR,IRM,DNF,,Did not finish
CR,IRM,DNS,,Did not start
CR,IRM,DSQ,,Disqualified
CR,IRM,OTL,,Over Time Limit,"Road Race only. Riders who have completed the race, but are outside of the time limit, should be presented with their actual time rather than the time limit."
CR,ResultType,IRM,,Invalid Result Mark
CR,ResultType,TIME,,Time
CS,IRM,DNF,,Did not finish
CS,IRM,DNS,,Did not start
CS,IRM,DQB,,Disqualified for unsportsmanlike behaviour
CS,IRM,DSQ-R,,Disqualified for run
CS,QualificationMark,Q,,Qualified for the next phase
CS,ResultType,IRM,,Invalid Result Mark
CS,ResultType,TIME,,Time
CT,Bracket,5_8,,Final 5-8
CT,Bracket,9_12,,Final 9-12
CT,Bracket,BRN,,Bronze
CT,Bracket,FNL,,Finals
CT,BracketItems,FNL,,Finals
CT,BracketItems,QFL,,Quarterfinals
CT,BracketItems,R16,,1/8 Finals
CT,BracketItems,R16_RPC,,1/8 Finals Repechages
CT,BracketItems,R32,,1/16 Finals
CT,BracketItems,R32_RPC,,1/16 Finals Repechages
CT,BracketItems,SFL,,Semifinals
CT,IRM,DNF,,Did not Finish
CT,IRM,DNS,,Did not Start
CT,IRM,DSQ,,Disqualified
CT,IRM,OVL,,Overlapped
CT,IRM,REL,,Relegated
CT,QualificationMark,Q,,Qualified
CT,QualificationMark,QB,,Qualified for Bronze,Team Pursuit First round
CT,QualificationMark,QG,,Qualified for Gold,Team Pursuit First round
CT,QualificationMark,QM,,Qualified for Medal Race,Team Pursuit Qualifying
CT,QualificationMark,R,,Repechage
CT,ResultType,IRM,,Invalid Result Mark
CT,ResultType,IRM_POINTS,,"For both, Points and Invalid Result Mark"
CT,ResultType,IRM_TIME,,"For both, Time and Invalid Result Mark"
CT,ResultType,POINTS,,Points
CT,ResultType,TIME,,Time
DV,DivePositions,A,,Straight
DV,DivePositions,B,,Pike
DV,DivePositions,C,,Tuck
DV,DivePositions,D,,Free
DV,IRM,DNS,,Did not start
DV,IRM,DSQ,,Disqualified
DV,PanelType,A,,Panel A,Individual Events
DV,PanelType,B,,Panel B,Individual Events
DV,PanelType,EX,,Execution,Team Events
DV,PanelType,SYN,,Synchronisation,Team Events
DV,QualificationMark,Q,,Qualified
DV,QualificationMark,R,,Qualified as reserve for next phase
DV,ResultType,IRM,,Invalid Results Mark
DV,ResultType,POINTS,,Points
EQ,IRM,DSQ,,Disqualified
EQ,IRM,EL,,Eliminated
EQ,IRM,NS,,Not started
EQ,IRM,RT,,Retired
EQ,IRM,WD,,Withdrawn
EQ,JumpOff,B,,Bronze
EQ,JumpOff,GS,,Gold/Silver
EQ,JumpOff,GSB,,Gold/Silver/Bronze
EQ,JumpOff,SB,,Silver/Bronze
EQ,QualificationMark,Q,,Qualified
EQ,QualificationMark,q,,Qualify pending declaration of starters
EQ,QualificationMark,R,,Reserve
EQ,ResultType,IRM,,IRM
EQ,ResultType,PERCENT,,% score
EQ,ResultType,POINTS,,Points
EQ,XCObstacleOutcome,BD,,Breaking a frangible/deformable device
EQ,XCObstacleOutcome,CL,,Clear
EQ,XCObstacleOutcome,FH,,Fall of Horse
EQ,XCObstacleOutcome,FR,,Fall of Rider
EQ,XCObstacleOutcome,R,,First Refusal
EQ,XCObstacleOutcome,RE,,Third Refusal
EQ,XCObstacleOutcome,RR,,Second Refusal
FB,Action,CRN,,Corner
FB,Action,FOUL,,Foul
FB,Action,FRD,,Free-Kick Direct (Shot)
FB,Action,OFF,,Offside
FB,Action,OG,,Own goal
FB,Action,PTY,,Penalty Shot
FB,Action,RC,,Expulsion (Red card)
FB,Action,SHOT,,Shot
FB,Action,STARTP,,Start of Period
FB,Action,SUBST,,Player substituted
FB,Action,YC,,Caution (Yellow card)
FB,Action,YRC,,2Y = Red Card
FB,ActionRole,FOC,,Foul committed
FB,ActionRole,FOS,,Foul suffered
FB,ActionRole,IN,,In
FB,ActionRole,OUT,,Out
FB,AthleteStatus,A,,Absent
FB,AthleteStatus,DSQ,,Disqualified
FB,AthleteStatus,I,,Injured
FB,AthleteStatus,N,,Not eligible to play
FB,AthleteStatus,RP,,Replaced
FB,AthleteStatus,SUSPEND,,Suspended
FB,AthleteStatus,X,,Misses next match if booked
FB,Bracket,BRN,,Bronze
FB,Bracket,FNL,,Finals
FB,BracketItems,FNL,,Finals
FB,BracketItems,QFL,,Quarterfinals
FB,BracketItems,SFL,,Semifinals
FB,IRM,ABD,,Abandoned
FB,IRM,DSQ,,Disqualified
FB,Period,H1,1,First Half
FB,Period,H2,2,Second Half
FB,Period,OT1,3,First Extra Time
FB,Period,OT2,4,Second Extra Time
FB,Period,PSO,5,Penalty Shoot Out
FB,Period,TOT,6,Total
FB,QualificationMark,q,,Team qualified as best 3rd,Only for Women
FB,ResAction,BLC,,Blocked
FB,ResAction,GOAL,,Goal
FB,ResAction,MISS,,Miss
FB,ResAction,POST,,Crossbar/Post
FB,ResAction,SAVE,,Saved
FB,ResultType,IRM_POINTS,,"For both, Points and Invalid Result Mark"
FB,ResultType,POINTS,,Goals
FB,Statistics,CUM,,Cumulative Statistics of team and individual
FB,Statistics,IND_RANKING,,Ranking of Individual tournament statistics
FB,Statistics,TOU,,Ranking of Individual statistics
FB,WLT,L,,Lost
FB,WLT,T,,Draw
FB,WLT,W,,Won
FE,Bracket,5_8,,5-8
FE,Bracket,7_8,,7-8
FE,Bracket,BRN,,Bronze
FE,Bracket,FNL,,Finals
FE,BracketItems,FNL,,Finals
FE,BracketItems,QFL,,Quarterfinals
FE,BracketItems,R16,,Table of 16
FE,BracketItems,R32,,Table of 32 (only for Individuals)
FE,BracketItems,R64,,Table of 64 (only for Individuals)
FE,BracketItems,SFL,,Semifinals
FE,Group,100,,Individual
FE,Group,400,,Team
FE,Hand,L,,Left
FE,Hand,R,,Right
FE,IRM,DNF,,Did not finish,"(The codes order provided is according to the sport rules. In case of several IRM of the same code, sort by bib numbers in ascending order)."
FE,IRM,DNS,,Did not start,"(The codes order provided is according to the sport rules. In case of several IRM of the same code, sort by bib numbers in ascending order)."
FE,IRM,DSQ,,Disqualified,"(The codes order provided is according to the sport rules. In case of several IRM of the same code, sort by bib numbers in ascending order)."
FE,IRM,EXC,,Excluded,"(The codes order provided is according to the sport rules. In case of several IRM of the same code, sort by bib numbers in ascending order)."
FE,Period,OT,4,Overtime
FE,Period,P1,1,1st Period
FE,Period,P2,2,2nd Period
FE,Period,P3,3,3rd Period
FE,QualifyingType,FIR,,FIE Individual Ranking
FE,QualifyingType,FTR,,FIE Team Ranking
FE,QualifyingType,HST,,Host Country Place,Individuals & Teams
FE,QualifyingType,IRZ,,FIE Individual Ranking by Zone,Individuals
FE,QualifyingType,IWR,,FIE Individual World Ranking,Individuals
FE,QualifyingType,TPC,,Tripartite Commission Place,Individuals
FE,QualifyingType,TRZ,,FIE Team Ranking by Zone,Individuals & Teams
FE,QualifyingType,TWR,,FIE Team World Ranking,Individuals & Teams
FE,QualifyingType,ZQE,,Zone Qualifying Events,Individuals
FE,ResultType,IRM_POINTS,,"For both, Points and Invalid Result Mark"
FE,ResultType,POINTS,,Points
FE,WLT,D,,Defeat
FE,WLT,V,,Victory
FE,WLT,V(T),,Victory by toss
GA,Apparatus,BB,,Beam
GA,Apparatus,FX,,Floor
GA,Apparatus,HB,,Horizontal Bar
GA,Apparatus,PB,,Parallel Bars
GA,Apparatus,PH,,Pommel Horse
GA,Apparatus,SR,,Rings
GA,Apparatus,UB,,Uneven Bars
GA,Apparatus,VT,,Vault
GA,Inquiry,ACCEPTED,,Accepted
GA,Inquiry,REJECTED,,Rejected
GA,Inquiry,SUBMITTED,,Submitted
GA,IRM,DNF,,Did not Finish
GA,IRM,DNS,,Did not Start
GA,IRM,DSQ,,Disqualified
GA,JuryType,JUDGE,,Judge
GA,JuryType,SUPERIOR,,Superior Jury Member
GA,QualificationMark,Q,,Qualified
GA,QualificationMark,R1,,Reserve 1
GA,QualificationMark,R2,,Reserve 2
GA,QualificationMark,R3,,Reserve 3
GA,QualificationMark,R4,,Reserve 4
GA,ResultType,IRM,,Invalid Result Mark
GA,ResultType,NO_SCORE,,No valid Score
GA,ResultType,NOT_COMPETING,,Athlete did not compete at the apparatus
GA,ResultType,POINTS,,Points (Valid Score)
GA,Stage,CURRENT,,Current Athlete
GA,Stage,LAST,,Last Scored
GA,Stage,NEXT,,Next Athlete
GA,Stage,WAITING,,Waiting for Result
GL,BioExt,EB_SOCIALMEDIA,,Social Media
GL,CodeSet,CONTINENT,,Continents
GL,CodeSet,COUNTRY,,List of Countries
GL,CodeSet,DISCIPLINE,,List of Disiplines
GL,CodeSet,DISCIPLINE_FUNCTION,,List of Results Functions
GL,CodeSet,EVENT,,List of Events
GL,CodeSet,EVENT_UNIT,,List of Event Units
GL,CodeSet,HORSE_BREED,,List of Horse Breeds
GL,CodeSet,HORSE_COLOUR,,List of Horse Colours
GL,CodeSet,HORSE_GENDER,,List of Horse Genders
GL,CodeSet,LOCATION,,List of Locations
GL,CodeSet,MARITAL_STATUS,,Marital Status
GL,CodeSet,NOC,,List of National Olympic Committees
GL,CodeSet,ODF_SPORT_CODES,,All ODF Sport Codes
GL,CodeSet,ORGANISATION,,List of Organisations
GL,CodeSet,PHASE,,List of Phases
GL,CodeSet,POSITION,,List of Positions
GL,CodeSet,RECORD,,List of Record Events
GL,CodeSet,RECORD_TYPE,,List of Record Types
GL,CodeSet,SPORT,,List of Sports
GL,CodeSet,VENUE,,List of Venues
GL,CodeSet,WTHR_CONDITION,,List of Weather Conditions
GL,CodeSet,WTHR_REGION,,List of Weather Regions
GL,CodeSet,WTHR_WIND_DIR,,List of Wind Directions,
GL,CompetitorPlace,BYE,,There is no competitor; the other team/athlete goes directly to the next phase/round
GL,CompetitorPlace,TBD,,The competitor is not known yet
GL,CompetitorPlace,NCT ,,"When both athlete are disqualified or withdraw and ""No contestant"" passes to the next round"
GL,GMGNCode,DD0VEN000,,"DD=Discipline, VEN=Venue"
GL,Home,AWAY,,Away
GL,Home,HOME,,Home
GL,MedalSummaryType,M,,Men events
GL,MedalSummaryType,TOT,,All the events
GL,MedalSummaryType,W,,Women events
GL,MedalSummaryType,X,,Mixed or open events
GL,MedalType,ME_BRONZE,,Bronze
GL,MedalType,ME_GOLD,,Gold
GL,MedalType,ME_SILVER,,Silver
GL,Pool,1,,1st in Pool
GL,Pool,2,,2nd in Pool
GL,Pool,3,,3rd in Pool
GL,Pool,4,,4th in Pool
GL,Pool,5,,5th in Pool
GL,Pool,6,,6th in Pool
GL,Pool,LL,,Lucky Loser
GL,Pool,X2,,2nd in Pool
GL,Pool,X2/3,,A2/A3 (to be drawn) or B2/B3 (to be drawn)
GL,Pool,X3,,Top two 3rd in Pool
GL,PrecipitationUnit,C,,Centimetres
GL,PrecipitationUnit,I,,Inches
GL,PrecipitationUnit,M,,Milimetres
GL,PrecType,R,,Rain
GL,PrecType,S,,Snow
GL,PressureUnit,HPA,,Hectopascal
GL,ProtestStatus,CLS,,Closed
GL,ProtestStatus,OPN,,Open
GL,ProtestStatus,PND,,Pending
GL,ProtestStatus,ROPN,,Re Open
GL,ResultStatus,INTERMEDIATE,3,"When competition is stopped, usued at pre-defined points"
GL,ResultStatus,LIVE,2,For live updates during competition
GL,ResultStatus,OFFICIAL,6,"Results of the competition released as soon as the event is officially confirmed taking into account the resolution of the protests, etc."
GL,ResultStatus,PARTIAL,7,"Incomplete list, Final Ranking. Used in PDF"
GL,ResultStatus,PROTESTED,8,After the competition is no longer LIVE and a protest has been lodged,After all decisions on the protest are made the ResultStatus will change to UNOFFICIAL or OFFICIAL as appropriate
GL,ResultStatus,START_LIST,1,"Before competition, Start List"
GL,ResultStatus,UNCONFIRMED,4,When the unit is over but not yet unofficial or official.,"Only used if other statuses do not come quickly, not used in all sports"
GL,ResultStatus,UNOFFICIAL,5,"Results of the competition released as soon as the event is over, not waiting any official decision of the International Federation. The correctness of data must be assured."
GL,ShuttleServiceType,ATH,,Shuttle Services Athletes
GL,ShuttleServiceType,MEDAL,,Shuttle Services Media
GL,ShuttleServiceType,OFF,,Shuttle Services Officials
GL,SocialMedia,AMEBA,,Ameba,
GL,SocialMedia,ASKFM,,Ask.fm,
GL,SocialMedia,BADOO,,Badoo
GL,SocialMedia,BLOG,,Athlete Blog,
GL,SocialMedia,COPAINSDAVANT,,CopainsdAvant,
GL,SocialMedia,CYWORLD,,Cyworld,
GL,SocialMedia,FACEBOOK,,Facebook
GL,SocialMedia,FACEBOOK_PAGE,,Facebook Page,
GL,SocialMedia,FACEBOOK_PAGE2,,Facebook Page 2,
GL,SocialMedia,FACEBOOK_TEAM,,Facebook Team,
GL,SocialMedia,FACEBOOK2,,Facebook Profile 2,
GL,SocialMedia,FLICKR,,Flickr
GL,SocialMedia,GOOGLEPLUS,,Google+
GL,SocialMedia,INSTAGRAM,,Instagram
GL,SocialMedia,LINKEDIN,,LinkedIn
GL,SocialMedia,MYSPACE,,MySpace
GL,SocialMedia,ODNOKLASSNIKI,,Odnoklassniki,
GL,SocialMedia,PINTEREST,,Pinterest
GL,SocialMedia,QQ,,QQ,
GL,SocialMedia,STRAVA,,Strava,
GL,SocialMedia,TUMBLR,,Tumblr
GL,SocialMedia,TWITTER,,Twitter
GL,SocialMedia,TWITTER_TEAM,,Twitter Team Profile,
GL,SocialMedia,TWITTER2,,Twitter Profile 2,
GL,SocialMedia,VIMEO,,Vimeo,
GL,SocialMedia,VINE,,Vine,
GL,SocialMedia,VK_PAGE,,VK Page,
GL,SocialMedia,VK_PROFILE,,VK Profile,
GL,SocialMedia,WEBSITE,,Athlete Website,
GL,SocialMedia,WEBSITE_STABLE,,EQ Stable Website,
GL,SocialMedia,WEBSITE_TEAM,,Team Website,
GL,SocialMedia,WEBSITE2,,Athlete Website 2,
GL,SocialMedia,WEIBO,,Weibo
GL,SocialMedia,YOUTUBE,,YouTube,
GL,Source,AQCDV1,,Origin for messages generated by OVR at Diving
GL,Source,AQCSY1,,Origin for messages generated by OVR at Synchronised Swimming
GL,Source,BMXCB1,,Origin for messages generated by OVR at Cycling BMX
GL,Source,BVABV1,,Origin for messages generated by OVR at Beach Volleyball
GL,Source,CA1BK1,,Origin for messages generated by OVR at Basketball
GL,Source,CA2JU1,,Origin for messages generated by OVR at Judo
GL,Source,CA2WR1,,Origin for messages generated by OVR at Wrestling
GL,Source,CA3FE1,,Origin for messages generated by OVR at Fencing
GL,Source,CA3TK1,,Origin for messages generated by OVR at Taekwondo
GL,Source,CGS,,Origin for messages generated by CGS Systems
GL,Source,DAQMP1,,Origin for messages generated by OVR at Modern Pentathlon
GL,Source,DESMP1,,Origin for messages generated by OVR at Modern Pentathlon
GL,Source,DESRU1,,Origin for messages generated by OVR at Rugby
GL,Source,EQCEQ1,,Origin for messages generated by OVR at Equestrian
GL,Source,FNAFB1,,Origin for messages generated by OVR at Football
GL,Source,FTAHB1,,Origin for messages generated by OVR at Handball
GL,Source,FTCCR1,,Origin for messages generated by OVR at Cycling Road
GL,Source,FTCOW1,,Origin for messages generated by OVR at Open Water Swimming
GL,Source,FTCTR1,,Origin for messages generated by OVR at Triathlon
GL,Source,GLOSA1,,Origin for messages generated by OVR at Sailing
GL,Source,IDS,,Origin for messages generated by IDS Systems
GL,Source,JDLWP1,,Origin for messages generated by OVR at Water Polo
GL,Source,LAGCF1,,Origin for messages generated by OVR at Canoe Sprint
GL,Source,LAGRO1,,Origin for messages generated by OVR at Rowing
GL,Source,MBTCM1,,Origin for messages generated by OVR at Cycling Mountain Bike
GL,Source,MGAFB1,,Origin for messages generated by OVR at Football
GL,Source,MINFB1,,Origin for messages generated by OVR at Football
GL,Source,MNZVO1,,Origin for messages generated by OVR at Volleyball
GL,Source,MRCFB1,,Origin for messages generated by OVR at Football
GL,Source,OASSW1,,Origin for messages generated by OVR at Swimming
GL,Source,OASWP1,,Origin for messages generated by OVR at Water Polo
GL,Source,OGCGO1,,Origin for messages generated by OVR at Golf
GL,Source,OHKHO1,,Origin for messages generated by OVR at Hockey
GL,Source,OLSAT1,,Origin for messages generated by OVR at Athletics
GL,Source,OSCSH1,,Origin for messages generated by OVR at Shooting
GL,Source,OTNTE1,,Origin for messages generated by OVR at Tennis
GL,Source,PONAT1,,Origin for messages generated by OVR at Athletics
GL,Source,PONCR1,,Origin for messages generated by OVR at Cycling Road
GL,Source,RC2WL1,,Origin for messages generated by OVR at Weightlifting
GL,Source,RC3TT1,,Origin for messages generated by OVR at Table Tennis
GL,Source,RC4BD1,,Origin for messages generated by OVR at Badminton
GL,Source,RC6BX1,,Origin for messages generated by OVR at Boxing
GL,Source,ROAGA1,,Origin for messages generated by OVR at Gymnastics Artistic
GL,Source,ROAGR1,,Origin for messages generated by OVR at Gymnastics Rhythmic
GL,Source,ROAGT1,,Origin for messages generated by OVR at Trampoline
GL,Source,ROVCT1,,Origin for messages generated by OVR at Cycling Track
GL,Source,SBDAR1,,Origin for messages generated by OVR at Archery
GL,Source,SBDAT1,,Origin for messages generated by OVR at Athletics
GL,Source,SPAFB1,,Origin for messages generated by OVR at Football
GL,Source,WWSCS1,,Origin for messages generated by OVR at Canoe Slalom
GL,Source,YOABK1,,Origin for messages generated by OVR at Basketball
GL,Source,YOAMP1,,Origin for messages generated by OVR at Modern Pentathlon
GL,Source,WEA,,Origin for messages generated by Weather Provider
GL,TemperatureType,MAX,,Maximum temperature
GL,TemperatureType,MIN,,Minimum temperature
GL,TemperatureUnit,C,,Celsius
GL,TemperatureUnit,F,,Fahrenheit
GL,UnitMedalType,0,,No medal event unit
GL,UnitMedalType,1,,Gold medal event unit
GL,UnitMedalType,2,,Bronze medal event unit
GL,WeatherPeriod,HO,,Hourly
GL,WeatherPeriod,MD,,Midday
GL,WeatherPeriod,TN,,Tonight
GL,WeatherPoint,FINISH,,Finish of the event unit
GL,WeatherPoint,GEN,,General
GL,WeatherPoint,START,,Start of the event unit
GL,WindType,MAX,,Maximum wind speed
GL,WindType,MIN,,Minimum wind speed
GL,WindUnit,KMH,,Kilometres per hour
GL,WindUnit,MPH,,Miles per hour
GL,WindUnit,MS,,Metres per second
GO,Course,1,,Front nine holes
GO,Course,2,,Back nine holes
GO,Course,3,,Course Total
GO,Direction,L,,Hit or missed fairway left
GO,Direction,R,,Hit or missed fairway right
GO,EnhancedStrokeLocation,BC,,Back Centre
GO,EnhancedStrokeLocation,BL,,Back Left
GO,EnhancedStrokeLocation,BR,,Back Right
GO,EnhancedStrokeLocation,FC,,Front Centre
GO,EnhancedStrokeLocation,FL,,Front Left
GO,EnhancedStrokeLocation,FR,,Front Right
GO,EnhancedStrokeLocation,L,,Left
GO,EnhancedStrokeLocation,R,,Right
GO,IRM,DQ,,Disqualified
GO,IRM,WD,,Withdrawn
GO,Regulation,N,,"No, did not hit fairway or green in regulation"
GO,Regulation,S,,Missed green In regulation but saved par
GO,Regulation,Y,,"Yes, hit fairway or green in regulation"
GO,ResultType,IRM,,Invalid Results Mark
GO,ResultType,STROKES,,Strokes
GO,Statistics,CUM,,Cumulative Statistics of individual
GO,Statistics,IND_RANKING,,Individual Statistics
GO,Statistics,TOU,,Tournament Statistics
GO,StrokeLocation,BLD,,Ball in building
GO,StrokeLocation,BRD,,Ball on a bridge
GO,StrokeLocation,BSH,,Ball in a bush
GO,StrokeLocation,CRT,,Ball on a cart path
GO,StrokeLocation,CUP,,Ball in the hole
GO,StrokeLocation,DRT,,Ball on dirt outline
GO,StrokeLocation,FNG,,Ball on the fringe
GO,StrokeLocation,FWB,,Ball in a fairway bunker
GO,StrokeLocation,FWY,,Ball on the fairway
GO,StrokeLocation,GNB,,Ball in a greenside bunker
GO,StrokeLocation,GRN,,Ball on the green
GO,StrokeLocation,INT,,Ball in the intermediate rough
GO,StrokeLocation,NAT,,Ball in native area
GO,StrokeLocation,OTH,,Other position
GO,StrokeLocation,PTH,,Ball on path
GO,StrokeLocation,RCK,,Ball on rock outline
GO,StrokeLocation,STP,,Ball on a step
GO,StrokeLocation,TEE,,Ball on the tee
GO,StrokeLocation,TRE,,Ball on tree outline
GO,StrokeLocation,WAL,,Ball against a wall
GO,StrokeLocation,WLK,,Ball on a walking strip
GO,StrokeLocation,WSB,,Ball in waste bunker
GO,StrokeLocation,WTR,,Ball in water
GO,StrokeType,DRP,,Drop
GO,StrokeType,PRV,,Provisional
GO,StrokeType,PTY,,Penalty
GO,StrokeType,STR,,Stroke
GR,Apparatus,3_CLUBS_2_HOOPS,,3 Clubs + 2 Hoops
GR,Apparatus,5_RIBBONS,,5 Ribbons
GR,Apparatus,BALL,,Ball
GR,Apparatus,CLUBS,,Clubs
GR,Apparatus,HOOP,,Hoop
GR,Apparatus,RIBBON,,Ribbon
GR,Inquiry,ACCEPTED,,Accepted
GR,Inquiry,REJECTED,,Rejected
GR,Inquiry,SUBMITTED,,Submitted
GR,IRM,DNF,,Did not Finish
GR,IRM,DNS,,Did not start
GR,IRM,DSQ,,Disqualified
GR,JuryType,JUDGE,,Judge
GR,JuryType,SUPERIOR,,Superior Jury Member
GR,QualificationMark,Q,,Qualified
GR,QualificationMark,R1,,Reserve 1
GR,QualificationMark,R2,,Reserve 2
GR,QualificationMark,R3,,Reserve 3
GR,QualificationMark,R4,,Reserve 4
GR,ResultType,IRM,,Invalid Result Mark
GR,ResultType,NO_SCORE,,No valid Score
GR,ResultType,NOT_COMPETING,,Athlete did not compete at the apparatus
GR,ResultType,POINTS,,Points (Valid Score)
GR,Stage,CURRENT,,Current Athlete
GR,Stage,LAST,,Last Scored
GR,Stage,NEXT,,Next Athlete
GR,Stage,WAITING,,Waiting for Result
GT,Inquiry,ACCEPTED,,Accepted
GT,Inquiry,REJECTED,,Rejected
GT,Inquiry,SUBMITTED,,Submitted
GT,IRM,DNF,,Did not Finish
GT,IRM,DNS,,Did not Start
GT,IRM,DSQ,,Disqualified
GT,JuryType,JUDGE,,Judge
GT,JuryType,SUPERIOR,,Superior Jury Member
GT,QualificationMark,Q,,Qualified for final
GT,QualificationMark,R1,,Reserve 1
GT,QualificationMark,R2,,Reserve 2
GT,ResultType,IRM,,Invalid Result Mark
GT,ResultType,NO_SCORE,,No valid score
GT,ResultType,POINTS,,Points (Valid Score)
GT,Stage,CURRENT,,Current Athlete,
GT,Stage,LAST,,Last Scored,
GT,Stage,NEXT,,Next Athlete,
GT,Stage,WAITING,,Waiting for Result,
HB,Action,ENDP,,End of Period,
HB,Action,EXC,,Disqualification (Red card) with Report
HB,Action,FRP,,7m caused (Personal foul penalty)
HB,Action,GKS,,Goalkeeper Substitution
HB,Action,RC,,Disqualification (Red card)
HB,Action,RFP,,7m received (Received foul penalty)
HB,Action,SHOT,,Shot
HB,Action,SRT_GK,,Starting Goalkeeper
HB,Action,ST,,Steal
HB,Action,STARTP,,Start of Period
HB,Action,TBP,,Team/Bench 2 minute suspension
HB,Action,TEXC,,Team/Bench disqualification (Red card) with report
HB,Action,TFT,,Turnover bench/team
HB,Action,TMS,,2 min. suspension,"""T"" to be interpreted as ""time"" not ""two"""
HB,Action,TO,,Turnover
HB,Action,TOUT,,Time Out
HB,Action,TPT,,2+2 min. suspension
HB,Action,TRC,,Team/Bench disqualification (Red card)
HB,Action,TYC,,Team/Bench warning (Yellow card)
HB,Action,YC,,Warning (Yellow card)
HB,ActionRole,ASSIST,,Assists
HB,ActionRole,IN,,In
HB,ActionRole,OUT,,Out
HB,ActionRole,SCR,,Scorer
HB,AthleteStatus,DSQ,,Disqualified
HB,AthleteStatus,RP,,Replaced
HB,AthleteStatus,SUSPEND,,Suspended
HB,Bracket,BRN,,Bronze
HB,Bracket,FNL,,Finals
HB,BracketItems,FNL,,Finals
HB,BracketItems,QFL,,Quarterfinals
HB,BracketItems,SFL,,Semifinals
HB,DestType,BC,,Bottom Centre
HB,DestType,BL,,Bottom Left
HB,DestType,BR,,Bottom Right
HB,DestType,MC,,Middle Centre
HB,DestType,ML,,Middle Left
HB,DestType,MR,,Middle Right
HB,DestType,TC,,Top Centre
HB,DestType,TL,,Top Left
HB,DestType,TR,,Top Right
HB,Hand,L,,Left
HB,Hand,R,,Right
HB,IRM,DSQ,,Disqualified
HB,Period,H1,,First Half
HB,Period,H2,,Second Half
HB,Period,OT1,,First Extra Time
HB,Period,OT2,,Second Extra Time
HB,Period,PSO,,Penalty shoots out
HB,Period,TOT,,Total all Periods
HB,Res_Sub,BT,,Breakthrough
HB,Res_Sub,CLD,,Centre 9m 
HB,Res_Sub,CSD,,Centre 6m 
HB,Res_Sub,FB,,Fast Break
HB,Res_Sub,LLD,,Left 9m 
HB,Res_Sub,LSD,,Left 6m 
HB,Res_Sub,LW,,Left Wing
HB,Res_Sub,PTY,,Penalty shot
HB,Res_Sub,RLD,,Right 9m 
HB,Res_Sub,RSD,,Right 6m 
HB,Res_Sub,RW,,Right Wing
HB,ResAction,BLC,,Blocked
HB,ResAction,GAME,,Start of Match (for Start of Period) and End of Match (for End of Period),
HB,ResAction,GOAL,,Goal
HB,ResAction,MISS,,Missed
HB,ResAction,POST,,Post
HB,ResAction,SAVE,,Saved
HB,ResultType,IRM_POINTS,,"For both, Points and invalid result mark"
HB,ResultType,POINTS,,Goals
HB,Statistics,CUM,,Cumulative Statistics of team and individual
HB,Statistics,IND_RANKING,,Ranking of Individual tournament statistics (for the best athletes)
HB,Statistics,TEAM_RANKING,,Ranking of Team tournament statistics
HB,Statistics,TOU,,Tournament Statistics 
HB,WLT,L,,Lost
HB,WLT,T,,Tie
HB,WLT,W,,Won
HO,Action,GC,,Green Card
HO,Action,PC,,Penalty Corner
HO,Action,PC_NS,,Penalty Corner No Shot
HO,Action,PTY,,Shot Penalty Stroke
HO,Action,RC,,Red Card
HO,Action,SHOT,,Shot
HO,Action,SHOT_PC,,Shot Penalty Corner
HO,Action,SHOT_SO,,Shot Shoot-out (sent only during SOC period).
HO,Action,STARTP,,Start of Period
HO,Action,SUBST,,Substitution
HO,Action,SUS_E,,Suspension ends
HO,Action,VTRR,,Video Team Referrals Refused
HO,Action,VTRU,,Video Team Referrals Upheld
HO,Action,VURD,,Video Umpire Referral Disallowed
HO,Action,VURG,,Video Umpire Referral Goal
HO,Action,YC,,Yellow Card
HO,ActionRole,IN,,In,When CC @Action = SUBST
HO,ActionRole,OUT,,Out,When CC @Action = SUBST
HO,AthleteStatus,DSQ,,Disqualified
HO,AthleteStatus,RP,,Replaced
HO,AthleteStatus,SUSPEND,,Suspended
HO,Bracket,BRN,,Bronze
HO,Bracket,FNL,,Finals
HO,BracketItems,FNL,,Finals
HO,BracketItems,QFL,,Quarterfinals
HO,BracketItems,SFL,,Semifinals
HO,IRM,DSQ,,Disqualified
HO,IRM,WD,,Withdrawn
HO,Period,Q1,1,First Period
HO,Period,Q2,2,Second Period
HO,Period,Q3,3,Third Period
HO,Period,Q4,4,Fourth Period
HO,Period,PSO,5,Shoot-Out Competition
HO,Period,TOT,6,Total
HO,ResAction,BLC,,Player save
HO,ResAction,FLT,,Fault
HO,ResAction,GK_SAVE,,GK save
HO,ResAction,GOAL,,Goal
HO,ResAction,MISS,,Miss
HO,ResAction,POST,,Post
HO,ResultType,IRM_POINTS,,"For both, Points and Invalid Result Mark"
HO,ResultType,POINTS,,Goals
HO,StartingCode,I,,Substitute Player
HO,StartingCode,X,,Starting Player
HO,Statistics,CUM,,Cumulative Statistics of team and individual
HO,Statistics,IND_RANKING,,Ranking of Individual tournament statistics
HO,Statistics,TEAM_RANKING,,Ranking of Team tournament statistics
HO,Statistics,TOU,,Tournament Statistics
HO,WLT,L,,Lost
HO,WLT,T,,Tied
HO,WLT,W,,Won
JU,Bracket,BRN1,,Bronze 1
JU,Bracket,BRN2,,Bronze 2
JU,Bracket,FNL,,Finals
JU,BracketItems,FNL,,Finals
JU,BracketItems,QFL,,Quarterfinals
JU,BracketItems,R16,,Elimination Round of 16
JU,BracketItems,R32,,Elimination Round of 32
JU,BracketItems,R64,,Elimination Round of 64
JU,BracketItems,SFL,,Semifinals
JU,Colour,BLUE,,Blue
JU,Colour,WHITE,,White
JU,IRM,DNS,,Did not start
JU,IRM,DSQ,,Disqualified
JU,PenaltyType,H,,Direct Hansoku-make for safety reasons
JU,PenaltyType,S,,Shido
JU,PenaltyType,S4,,"Hansoku-make resulting from ""progressive"" penalties awarded during the contest"
JU,PenaltyType,X,,Direct Hansoku-make for acts against the Judo spirit
JU,Period,GS,,Golden Score
JU,Period,N,,Normal Time
JU,PointsType,IPP,,Ippon
JU,PointsType,WAZ,,Waza-ari
JU,PointsType,YUK,,Yuko
JU,QualifyingType,CTL,,Continental Qualification
JU,QualifyingType,DIR,,Direct Qualification
JU,QualifyingType,HST,,Host Country Place
JU,QualifyingType,TPC,,Tripartite Commission Place
JU,ResultCode,FUS,,Default
JU,ResultCode,IPP,,Ippon
JU,ResultCode,KIK,,Withdrawal
JU,ResultCode,WAZ,,Waza-Ari
JU,ResultCode,YUK,,Yuko
JU,ResultCode,YUS,,Decision
JU,ResultType,IRM,,Invalid result mark
JU,ResultType,POINTS,,Points
JU,Statistics,TOU,,Tournament Statistics
JU,Technique,AGA,,Ashi-gatame
JU,Technique,AGR,,Ashi-garami
JU,Technique,AGU,,Ashi-guruma
JU,Technique,BYE,,Bye
JU,Technique,DAB,,De-ashi-barai
JU,Technique,DOJ,,Do-jime
JU,Technique,DWK,,Daki-wakare
JU,Technique,FUS,,Fusen Gachi
JU,Technique,GJJ,,Gyaku-juji-jime
JU,Technique,HAD,,Hadaka-jime
JU,Technique,HGA,,Hara-gatame
JU,Technique,HIG,,Hiza-gatame
JU,Technique,HIZ,,Hiza-guruma
JU,Technique,HKG,,Hiki-komi-Gaeshi
JU,Technique,HNE,,Hane-goshi-Gaeshi
JU,Technique,HNG,,Hane-goshi
JU,Technique,HNM,,Hane-makikomi
JU,Technique,HRA,,Harai-goshi-gaeshi
JU,Technique,HRG,,Harai-goshi
JU,Technique,HRM,,Harai-makikomi
JU,Technique,HTA,,Harai-tsurikomi-ashi
JU,Technique,ISN,,Ippon-seoi-nage
JU,Technique,JG,,Juji-gatame
JU,Technique,KAG,,Kata-gatame
JU,Technique,KBA,,Kani-basami
JU,Technique,KEG,,Kesa-gatame
JU,Technique,KGU,,Kata-guruma
JU,Technique,KHJ,,Kata-ha-jime
JU,Technique,KIG,,Kibisu-gaeshi
JU,Technique,KIK,,Kiken gachi
JU,Technique,KJJ,,Kata-juji-jime
JU,Technique,KKE,,Kuzure-kesa-gatame
JU,Technique,KKS,,Kuzure-kami-shiho-gatame
JU,Technique,KOG,,Koshi-guruma
JU,Technique,KOJ,,Koshi-jime
JU,Technique,KOU,,Ko-uchi-gaeshi
JU,Technique,KSG,,Ko-soto-gari
JU,Technique,KSH,,Kami-shiho-gatame
JU,Technique,KSK,,Ko-soto-gake
JU,Technique,KTA,,Kuchiki-taoshi
JU,Technique,KTJ,,Kata-te-jime
JU,Technique,KTS,,Kuzure-tate-shiho-gatame
JU,Technique,KUB,,Kubi-nage
JU,Technique,KUG,,Ko-uchi-gari
JU,Technique,KUM,,Ko-uchi-makikomi
JU,Technique,KWG,,Kawazu-gake
JU,Technique,KYS,,Kuzure-yoko-shiho-gatame
JU,Technique,MGA,,Morote-gari
JU,Technique,NJJ,,Nami-juji-jime
JU,Technique,OAB,,Okuri-ashi-barai
JU,Technique,OEJ,,Okuri-eri-jime
JU,Technique,OGA,,O-soto-gaeshi
JU,Technique,OGO,,O-goshi
JU,Technique,OGR,,O-soto-guruma
JU,Technique,OGU,,O-guruma
JU,Technique,OOS,,Obi-otoshi
JU,Technique,OSG,,O-soto-gari
JU,Technique,OSM,,O-soto-makikomi
JU,Technique,OSO,,O-soto-otoshi
JU,Technique,OTG,,Obi-tori-gaeshi
JU,Technique,OUC,,O-uchi-gaeshi
JU,Technique,OUG,,O-uchi-gari
JU,Technique,P01,,Apply-Technique-Outside
JU,Technique,P02,,Avoid-Grip
JU,Technique,P03,,Bend-Opps-Fingers
JU,Technique,P04,,Danger-Area
JU,Technique,P05,,Defensive-Posture
JU,Technique,P06,,Disarrange-Judogi
JU,Technique,P07,,Disregard-Instructions
JU,Technique,P08,,Dojime
JU,Technique,P09,,Drive-Into-Mat
JU,Technique,P10,,Encircling
JU,Technique,P11,,Fall-Backwards
JU,Technique,P12,,False-Attack
JU,Technique,P13,,Fingers-In-Sleeve
JU,Technique,P14,,Fingers-interlocked
JU,Technique,P15,,Foot-in-Belt
JU,Technique,P16,,Outside-Contest-Area
JU,Technique,P17,,Head-Dive
JU,Technique,P18,,Hold-Same-Side
JU,Technique,P19,,Hold-Sleeve-Ends
JU,Technique,P20,,Hand-On-Face
JU,Technique,P21,,Hold-Trouser-Leg
JU,Technique,P22,,Illegal-Joint-Lock
JU,Technique,P23,,Illegal-Newaza-Entry
JU,Technique,P24,,Judogi-In-Mouth
JU,Technique,P25,,Kani-Basame
JU,Technique,P26,,Kawazu-Gake
JU,Technique,P27,,Kick-To-Break-Grip
JU,Technique,P28,,Metallic-Object
JU,Technique,P29,,Non-Combativity
JU,Technique,P30,,Reap-Supporting-Leg
JU,Technique,P31,,Shime-With-Jacket/belt
JU,Technique,P32,,Spine-Extension
JU,Technique,P33,,Unnecessary-Remarks
JU,Technique,P34,,Unsportsmanlike-Conduct
JU,Technique,P35,,Waki-gatame
JU,Technique,P36,,Pull down
JU,Technique,P37,,Pistol Grip
JU,Technique,P38,,Holding Belt
JU,Technique,P39,,Kicking
JU,Technique,P40,,Push out
JU,Technique,P99,,Undetermined
JU,Technique,RYJ,,Ryo-te-jime
JU,Technique,SAJ,,Sankaku-jime
JU,Technique,SGJ,,Sode-guruma-jime
JU,Technique,SGT,,Sankaku-gatame
JU,Technique,SMK,,Soto-makikomi
JU,Technique,SON,,Seoi-nage
JU,Technique,SOO,,Seoi-otoshi
JU,Technique,SOT,,Sumi-otoshi
JU,Technique,STA,,Sasae-tsurikomi-ashi
JU,Technique,STG,,Sode-tsurikomi-goshi
JU,Technique,SUG,,Sumi-gaeshi
JU,Technique,SUK,,Sukui-nage
JU,Technique,TBG,,Tsubami-gaeshi
JU,Technique,TGM,,Te-Guruma
JU,Technique,TGO,,Tsuri-goshi
JU,Technique,TGT,,Te-gatame
JU,Technique,TKG,,Tsurikomi-goshi
JU,Technique,TKJ,,Tsukomi-jime
JU,Technique,TNG,,Tomoe-nage
JU,Technique,TNO,,Tani-otoshi
JU,Technique,TOS,,Tai-otoshi
JU,Technique,TSG,,Tate-shiho-gatame
JU,Technique,TWG,,Tawara-gaeshi
JU,Technique,UDG,,Ude-gaeshi
JU,Technique,UGA,,Ude-gatame
JU,Technique,UGO,,Uki-goshi
JU,Technique,UGR,,Ude-garami
JU,Technique,UGT,,Uki-gatame
JU,Technique,UKG,,Ushiro-keso-gatame
JU,Technique,UMA,,Uchi-mata
JU,Technique,UMG,,Uchi-mata-gaeshi
JU,Technique,UMK,,Uchi-makikomi
JU,Technique,UMM,,Uchi-mata-makikomi
JU,Technique,UMS,,Uchi-mata-sukashi
JU,Technique,UNA,,Ura-nage
JU,Technique,UND,,Undetermined
JU,Technique,UNK,,Undetermined
JU,Technique,UNN,,Undetermined
JU,Technique,UOT,,Uki-otoshi
JU,Technique,URG,,Ura-gatame
JU,Technique,USH,,Ushiro-goshi
JU,Technique,UTS,,Utsuri-goshi
JU,Technique,UWA,,Uki-waza
JU,Technique,WAK,,Waki-gatame
JU,Technique,YAS,,Yama-arashi
JU,Technique,YGA,,Yoko-gake
JU,Technique,YGU,,Yoko-guruma
JU,Technique,YOT,,Yoko-otoshi
JU,Technique,YSG,,Yoko-shiho-gatame
JU,Technique,YUS,,Yusei Gachi
JU,Technique,YWA,,Yoko-wakare
JU,WLT,L,,Lost
JU,WLT,W,,Won
OW,IRM,DNF,,Did not finish
OW,IRM,DNS,,Did not start
OW,IRM,DSQ,,Disqualified
OW,IRM,OTL,,Over Time Limit
OW,QualifyingType,Cont.,,Continental Representation
OW,QualifyingType,FOQ,,FINA Olympic Qualifier
OW,QualifyingType,FWC,,FINA World Championships
OW,QualifyingType,Host,,Host Country
OW,ResultType,IRM,,Invalid Result Mark
OW,ResultType,TIME,,Time
MP,IRM,DNF,,Did not finish
MP,IRM,DNS,,Did not start
MP,IRM,DSQ,,Disqualified
MP,IRM,EL,,Eliminated
MP,ObsPnl,F,,Fall
MP,ObsPnl,K,,Knock down
MP,ObsPnl,R,,Refusal
MP,ObsPnl,RK,,Refusal with Knock down
MP,Piste,A,,Piste A
MP,Piste,B,,Piste B
MP,Piste,C,,Piste C
MP,Piste,D,,Piste D
MP,Piste,E,,Piste E
MP,Piste,F,,Piste F
MP,Piste,G,,Piste G
MP,Piste,H,,Piste H
MP,Piste,I,,Piste I
MP,Piste,R,,Rest
MP,ResultType,IRM,,Invalid result mark
MP,ResultType,IRM_POINTS,,"For both, points and invalid result mark"
MP,ResultType,POINTS,,Points
MP,ResultType,TIME,,Time
MP,ResultType,VIC_DEF,,Victories and Defeats
RO,CompetitionType,IR,,International Regatta
RO,CompetitionType,OG,,Olympic Games
RO,CompetitionType,WC,,World Cup
RO,CompetitionType,WCH,,World Championships
RO,CompetitorStatus,F,,Finished
RO,CompetitorStatus,R,,Running
RO,CompetitorStatus,ST,,At Start
RO,IRM,BUW,,Boat under weight
RO,IRM,DNF,,Did not finish
RO,IRM,DNS,,Did not start
RO,IRM,DSQ,,Disqualified
RO,IRM,EXC,,Excluded
RO,QualificationMark,?,,Progression by time
RO,QualificationMark,ELM,,Eliminated
RO,QualificationMark,FA,,Qualified for Final A
RO,QualificationMark,FB,,Qualified for Final B
RO,QualificationMark,FC,,Qualified for Final C
RO,QualificationMark,FD,,Qualified for Final D
RO,QualificationMark,FE,,Qualified for Final E
RO,QualificationMark,FF,,Qualified for Final F
RO,QualificationMark,H,,Heat,
RO,QualificationMark,P,,Preliminary Race,
RO,QualificationMark,Q,,Qualified for Quarterfinals
RO,QualificationMark,R,,Qualified for Repechage
RO,QualificationMark,SA/B,,Qualified for Semifinal A/B
RO,QualificationMark,SA/B/C,,Qualified for Semifinal A/B/C
RO,QualificationMark,SC/D,,Qualified for Semifinal C/D
RO,QualificationMark,SD/E,,Qualified for Semifinal D/E
RO,QualificationMark,SE/F,,Qualified for Semifinal E/F
RO,ResultType,IRM,,Invalid Result Mark
RO,ResultType,TIME,,Time
RU,Action,CONV,,Conversion
RU,Action,DROP,,Drop Goal
RU,Action,PTRY,,Penalty Try
RU,Action,PTY,,Penalty
RU,Action,RC,,Red Card
RU,Action,SUBST,,Substitution
RU,Action,STARTP,,Start of Period
RU,Action,TRY,,Try
RU,Action,YC,,Yellow Card / Sin Bin
RU,ActionRole,IN,,In,When CC @Action = SUBST
RU,ActionRole,OUT,,Out,When CC @Action = SUBST
RU,AthleteStatus,DSQ,,Disqualified
RU,AthleteStatus,SUSPEND,,Suspended
RU,Bracket,11_12,,Play-Off 11-12
RU,Bracket,5_8,,Play-Off 5-8
RU,Bracket,7_8,,Play-Off 7-8
RU,Bracket,9_12,,Play-Off 9-12
RU,Bracket,BRN,,Bronze
RU,Bracket,FNL,,Finals
RU,BracketItems,FNL,,Finals,"When CC @Bracket = FNL (Finals), BRN (Bronze), 5_8 (Play-Off 5-8), 7_8 (Play-Off 7-8), 9_12 (Play-Off 9-12), 11_12 (Play-Off 11-12)"
RU,BracketItems,QFL,,Quarterfinals,When CC @Bracket = FNL (Finals)
RU,BracketItems,SFL,,Semifinals,"When CC @Bracket = FNL (Finals), 5_8 (Play-Off 5-8), 9_12 (Play-Off 9-12)"
RU,IRM,DSQ,,Disqualified
RU,Period,H1,1,First Half
RU,Period,H2,2,Second Half
RU,Period,OT,7,Extra Time (All)
RU,Period,OT1,3,Extra Time 1,Only used in Play by Play
RU,Period,OT2,4,Extra Time 2,Only used in Play by Play
RU,Period,OT3,5,Extra Time 3,Only used in Play by Play
RU,Period,OT4,6,Extra Time 4,Only used in Play by Play
RU,Period,TOT,8,Total
RU,ResAction,GOAL,,Goal,"When CC @Action = PTY, CONV or DROP"
RU,ResAction,MISS,,Miss,"When CC @Action = PTY, CONV, DROP, PTRY or TRY"
RU,ResultType,IRM_POINTS,,"For both, Points and Invalid Result Mark"
RU,ResultType,POINTS,,Points
RU,Statistics,CUM,,Cumulative Statistics of team and individual
RU,Statistics,IND_RANKING,,Ranking of Individual tournament statistics
RU,Statistics,TOU,,Tournament Statistics
RU,WLT,L,,Lost
RU,WLT,T,,Tied
RU,WLT,W,,Won
SA,Course,I2,,Inner Trapezoid (Start-1-4-1-2-3-Finish)
SA,Course,I3,,Inner Trapezoid (Start-1-4-1-4-1-2-3-Finish)
SA,Course,I4,,Inner Trapezoid (Start-1-4-1-4-1-4-1-2-3-Finish)
SA,Course,IS2,,Inner Slalom (Start-1-4-1-2-3-Finish)
SA,Course,IS3,,Inner Slalom (Start-1-4-1-4-1-2-3-Finish)
SA,Course,IS4,,Inner Slalom (Start-1-4-1-4-1-4-1-2-3-Finish)
SA,Course,L2,,Windward/Leeward (Start-1-4-1-Finish)
SA,Course,L3,,Windward/Leeward (Start-1-4-1-4-1-Finish)
SA,Course,L4,,Windward/Leeward (Start-1-4-1-4-1-4-1-Finish)
SA,Course,LG2,,Windward/Leeward (Start-1-4-1-4-Finish)
SA,Course,LG3,,Windward/Leeward (Start-1-4-1-4-1-4-Finish)
SA,Course,LG4,,Windward/Leeward (Start-1-4-1-4-1-4-1-4-Finish)
SA,Course,LR2,,Windward/Leeward (Start-1-4-1-4-Finish)
SA,Course,LR3,,Windward/Leeward (Start-1-4-1-4-1-4-Finish)
SA,Course,LR4,,Windward/Leeward (Start-1-4-1-4-1-4-1-4-Finish)
SA,Course,LS2,,Windward/Leeward With Slalom Finish (Start-1-4-1-Finish)
SA,Course,LS3,,Windward/Leeward With Slalom Finish (Start-1-4-1-4-1-Finish)
SA,Course,LS4,,Windward/Leeward With Slalom Finish (Start-1-4-1-4-1-4-1-Finish)
SA,Course,M1,,Windward/Leeward With Marks To Starboard (Start-1-Finish)
SA,Course,M2,,Windward/Leeward With Marks To Starboard (Start-1-2-1-Finish)
SA,Course,M3,,Windward/Leeward With Marks To Starboard (Start-1-2-1-2-1-Finish)
SA,Course,M4,,Windward/Leeward With Marks To Starboard (Start-1-2-1-2-1-2-1-Finish)
SA,Course,O2,,Outer Trapezoid (Start-1-2-3-2-3-Finish)
SA,Course,O3,,Outer Trapezoid (Start-1-2-3-2-3-2-3-Finish)
SA,Course,O4,,Outer Trapezoid (Start-1-2-3-2-3-2-3-2-3-Finish)
SA,Course,OS2,,Outer Slalom (Start-1-2-3-2-3-Finish)
SA,Course,OS3,,Outer Slalom (Start-1-2-3-2-3-2-3-Finish)
SA,Course,OS4,,Outer Slalom (Start-1-2-3-2-3-2-3-2-3-Finish)
SA,Course,W2,,Windward/Leeward with Finish to Windward (Start-1-4-Finish)
SA,Course,W3,,Windward/Leeward with Finish to Windward (Start-1-4-1-4-Finish)
SA,Course,W4,,Windward/Leeward with Finish to Windward (Start-1-4-1-4-1-4-Finish)
SA,Course,WR2,,Windward/Leeward with Finish to Windward (Start-1-4-1-Finish)
SA,Course,WR3,,Windward/Leeward with Finish to Windward (Start-1-4-1-4-1-Finish)
SA,Course,WR4,,Windward/Leeward with Finish to Windward (Start-1-4-1-4-1-4-1-Finish)
SA,IRM,BFD,,Black Flag Disqualification - Disqualification under rule 30.3
SA,IRM,DGM,,Disqualification for Gross Misconduct - Disqualification for gross misconduct not excludable under rule 90.3(b)
SA,IRM,DNC,,Did not Come - Did not come to the starting area
SA,IRM,DNE,,Disqualification Not Excludable - Disqualification (other than DGM) not excludable under rule 90.3(b)
SA,IRM,DNF,,Did not Finish
SA,IRM,DNS,,Did not Start (other than DNC and OCS)
SA,IRM,DPI,,Discretionary Penalty Imposed
SA,IRM,DSQ,,Disqualification
SA,IRM,OCS,,"On Course Side - On the course side of the starting line at the starting signal and failed to start, or broke rule 30.1"
SA,IRM,RDG,,Redress Given
SA,IRM,RET,,Retired
SA,IRM,SCP,,Took a Scoring Penalty under rule 44.3(a)
SA,IRM,STP,,Standard Penalty
SA,IRM,UFD,,Flag Disqualification
SA,IRM,ZFP,,Z Flag Penalty - 20% penalty under rule 30.2
SA,ResultType,IRM,,Invalid Result Mark
SA,ResultType,IRM_POINTS,,"For both, Points and Invalid Result Mark"
SA,ResultType,POINTS,,Points
SA,ResultType,TIME,,"Time, for use in time at each mark during a race."
SA,Status,ABDN,,Abandoned: Racing has been abandoned for this class
SA,Status,CMPD,,Completed
SA,Status,FSHD,,Finished: All boats have completed racing
SA,Status,GNR_REC,,General Recall: Race has been recalled
SA,Status,NO_RAC,,No Racing Today: There is no racing scheduled for this class today
SA,Status,NONE,,No Status
SA,Status,PSP,,Postponed
SA,Status,RAC,,Racing
SA,Status,RAC_IR,,Racing - IR: Racing Individual Recall Flag Raised
SA,Status,RUN_AFTER,,"There will not be more races during the day, but it can be run the day after"
SA,Status,STR_SEQ,,Start Sequence: 6 minutes prior to start
SH,IRM,DNF,,Did not finish
SH,IRM,DNS,,Did not start
SH,IRM,DQB,,Disqualified for unsportsmanlike Behaviour
SH,IRM,DSQ,,Disqualified
SH,PhaseIdentificator,Finals,,Finals
SH,PhaseIdentificator,QS-off,,Qualification Shoot-off
SH,QualificationMark,QB,,Qualified for Bronze Medal Match
SH,QualificationMark,QF,,Qualified for Finals
SH,QualificationMark,QG,,Qualified for Gold Medal Match
SH,RangeCode,1,,Range A
SH,RangeCode,2,,Range B
SH,RangeCode,3,,Range C
SH,ResultType,IRM,,Invalid Result Mark
SH,ResultType,IRM_POINTS,,"For both, Points and Invalid Result Mark"
SH,ResultType,POINTS,,Points
SH,ShotGun,B,,HIT - both (in DT) targets HIT - solid black rectangle
SH,ShotGun,L,,DT only: HIT - MISS - upper left black
SH,ShotGun,M,,"MISS - in DT: both targets MISS -  ""hollow"" rectangle"
SH,ShotGun,R,,DT only: MISS - HIT - lower right black
SH,ShotStatus,B,,Not yet fired
SH,ShotStatus,L,,Hit
SH,ShotStatus,M,,Miss
SH,ShotStatus,R,,"Over time (shot not scored because too late, happens frequently as they have only 4 or 2 seconds time)"
SH,StageType,DAY1,,Day 1
SH,StageType,DAY2,,Day 2
SH,StageType,DAY3,,Day 3
SH,StageType,KNEEL,,Kneeling
SH,StageType,PRECN,,Precision
SH,StageType,PRONE,,Prone
SH,StageType,RAPID,,Rapid
SH,StageType,STAG1,,Stage 1
SH,StageType,STAG2,,Stage 2
SH,StageType,STAND,,Standing
SW,IRM,DNS,,Did not start
SW,IRM,DSQ,,Disqualified
SW,IRM,pd,,Pending for disqualification
SW,QualificationMark,?,,Involved in swim-off
SW,QualificationMark,Q,,Qualified for the next phase (semi-final or final)
SW,ResultType,IRM,,Invalid Result Mark
SW,ResultType,TIME,,Time
SW,Stroke,1,,Freestyle
SW,Stroke,2,,Butterfly
SW,Stroke,3,,Breaststroke
SW,Stroke,4,,Backstroke
SY,IRM,DNS,,Did not start
SY,IRM,DSQ,,Disqualified
SY,PanelType,AI,,Artistic impression,Free
SY,PanelType,DF,,Difficulty,Free
SY,PanelType,EX,,Execution,"Free, Technical"
SY,PanelType,TE,,Elements,Technical
SY,PanelType,TI,,Impression,Technical
SY,Participation,FR,,Free Reserve
SY,Participation,RR,,Reserve in Technical and Free
SY,Participation,TR,,Technical Reserve
SY,QualificationMark,Q,,Qualified for the final
SY,QualificationMark,R,,Reserve duet
SY,ResultType,IRM,,Invalid Result Mark
SY,ResultType,POINTS,,Points
TE,Action,Gn,,Game number
TE,Action,TB,,Tie-break
TE,ActionRole,SRV,,Serve
TE,Bracket,BRN,,Bronze
TE,Bracket,FNL,,Finals
TE,BracketItems,1R,,1st Round
TE,BracketItems,2R,,2nd Round
TE,BracketItems,3R,,3rd Round
TE,BracketItems,FNL,,Final
TE,BracketItems,QFL,,Quarterfinal
TE,BracketItems,SFL,,Semifinal
TE,Hand,B,,Both
TE,Hand,L,,Left
TE,Hand,R,,Right
TE,IRM,DEF,,Defaulted
TE,IRM,DSQ,,Disqualified
TE,IRM,RET,,Retired
TE,IRM,WO,,Walkover
TE,Period,S1,1,1st Set
TE,Period,S2,2,2nd Set
TE,Period,S3,3,3rd Set
TE,Period,S4,4,4th Set (only for Men's Singles Finals)
TE,Period,S5,5,5th Set (only for Men's Singles Finals)
TE,QualifyingType,ALT,,Alternate
TE,QualifyingType,ITF,,ITF Place
TE,QualifyingType,TPC,,Tripartite Commission Place
TE,ResAction,A1,,Ace - 1st Serve
TE,ResAction,A2,,Ace - 2nd Serve
TE,ResAction,DF,,Double Fault
TE,ResAction,PR1,,Point to Receiver - 1st Serve
TE,ResAction,PR2,,Point to Receiver - 2nd Serve
TE,ResAction,PS1,,Point to Server - 1st Serve
TE,ResAction,PS2,,Point to Server - 2nd Serve
TE,ResultType,IRM,,Invalid Result Mark
TE,ResultType,SCORE,,Score
TE,Status,C,,Completed
TE,Status,IP,,In Progress
TE,Status,R,,Resumed
TE,Status,S,,Suspended
TE,WLT,L,,Lost
TE,WLT,W,,Won
TK,Bracket,BRN1,,Bronze 1,
TK,Bracket,BRN2,,Bronze 2,
TK,Bracket,FNL,,Finals
TK,BracketItems,FNL,,Final
TK,BracketItems,QFL,,Quarterfinals
TK,BracketItems,R16,,Round of 16
TK,BracketItems,R32,,Qualification
TK,BracketItems,SFL,,Semifinals
TK,Colour,BLUE,,Chung
TK,Colour,RED,,Hong
TK,Desc,PA,,Loser to Finalist in Prelim from Pool A
TK,Desc,PB,,Loser to Finalist in Prelim from Pool B
TK,Desc,QA,,Loser to Finalist in QF from Pool A
TK,Desc,QB,,Loser to Finalist in QF from Pool B
TK,Desc,SA,,Loser in Semifinal Pool A
TK,Desc,SB,,Loser in Semifinal Pool B
TK,IRM,DDQ,,Double Disqualification
TK,IRM,DDW,,Double Withdrawn
TK,IRM,DSQ,,Disqualified
TK,IRM,WDR,,Withdrawn
TK,Period,R1,,Round 1
TK,Period,R2,,Round 2
TK,Period,R3,,Round 3
TK,Period,R4,,Round 4
TK,QualifyingType,CQT,,Continental Qualification Tournament
TK,QualifyingType,HST,,Host Country Place
TK,QualifyingType,TPC,,Tripartite Commission Place
TK,QualifyingType,WOR,,WTF Olympic Ranking,
TK,Region,AF,,Africa
TK,Region,AS,,Asia
TK,Region,EU,,Europe
TK,Region,OC,,Oceania
TK,Region,PA,,Pan America
TK,RequestResult,A,,Accepted
TK,RequestResult,R,,Rejected
TK,RequestType,DED,,Gam-jeom (deduction penalty)
TK,RequestType,HK3,,"Head kick, 3 points"
TK,RequestType,HK4,,"Head kick, 4 points"
TK,RequestType,PK1,,"Punch/kick deducted, 1 point"
TK,RequestType,RCR,,Appeal rejected by Referee
TK,RequestType,TK1,,"Turn kick, additional 1 point"
TK,RequestType,TK2,,"Turn kick, additional 2 points"
TK,RequestType,WAR,,Kyong-go (warning penalty)
TK,ResultCode,BBY,,Both BYE
TK,ResultCode,BYE,,Win by bye
TK,ResultCode,DDQ,,Double Disqualification
TK,ResultCode,DDW,,Double Withdrawn
TK,ResultCode,DSQ,,Win by Disqualification
TK,ResultCode,GDP,,Win by Golden Point (only for statistics)
TK,ResultCode,PTF,,Win by Final Score
TK,ResultCode,PTG,,Win by Points Gap
TK,ResultCode,PUN,,Win by Punitive Declaration
TK,ResultCode,RSC,,Win by Referee Stop Contest
TK,ResultCode,SUP,,Win by Superiority
TK,ResultCode,WDR,,Win by Withdrawal
TK,ResultType,IRM_POINTS,,"For both, Points and invalid result mark"
TK,ResultType,POINTS,,Points
TK,Statistics,TOU,,Tournament statistics
TK,Technique,DED,,Deduction penalty (Gam-jeom)
TK,Technique,DK1,,"Defensive kick, 1 point"
TK,Technique,DK4,,"Defensive kick, 4 points"
TK,Technique,DKB3,,"Defensive kick, Body 3 points"
TK,Technique,DKH3,,"Defensive kick, Head 3 points"
TK,Technique,DP1,,"Defensive punch, 1 point"
TK,Technique,OK1,,"Offensive kick, 1 point"
TK,Technique,OK4,,"Offensive kick, 4 points"
TK,Technique,OKB3,,"Offensive kick, Body 3 points"
TK,Technique,OKH3,,"Offensive kick, Head 3 points"
TK,Technique,OP1,,"Offensive punch, 1 point"
TK,Technique,WAR,,Warning penalty (Kyong-go)
TK,WLT,L,,Lost
TK,WLT,W,,Won
TR,IRM,DNF,,Did not finish
TR,IRM,DNS,,Did not start
TR,IRM,DSQ,,Disqualified
TR,IRM,LAP,,Lapped
TR,QualifyingType,CQE,,Continental Olympic Qualification Events
TR,QualifyingType,HST,,Host Country Place
TR,QualifyingType,ITU,,ITU Points List
TR,QualifyingType,OQL,,Olympic Qualification List
TR,QualifyingType,TPC,,Tripartite Commission Place
TR,QualifyingType,WOQ,,World Olympic Qualification Event
TR,ResultType,IRM,,IRM
TR,ResultType,TIME,,Time
TR,Segment,BIKE,,Bike
TR,Segment,RUN,,Run
TR,Segment,RUN1,,Run,Only for Duathlon
TR,Segment,RUN2,,Run,Only for Duathlon
TR,Segment,SWIM,,Swim
TR,Segment,TRANS1,,Transition 1
TR,Segment,TRANS2,,Transition 2
TT,Bracket,BRN,,Bronze
TT,Bracket,FNL,,Finals 
TT,BracketItems,1R,,Round 1
TT,BracketItems,2R,,Round 2 (for singles)
TT,BracketItems,3R,,Round 3 (for singles)
TT,BracketItems,4R,,Round 4 (for singles)
TT,BracketItems,FNL,,Finals
TT,BracketItems,PRE,,Preliminary Round (for singles)
TT,BracketItems,QFL,,Quarterfinals
TT,BracketItems,SFL,,Semifinals
TT,Grip,P,,Penholder
TT,Grip,S,,Shakehand
TT,Hand,L,,Left
TT,Hand,R,,Right
TT,IRM,DSQ,,Disqualified
TT,IRM,RET,,Retired
TT,IRM,WO,,Walkover
TT,Margin,1,,4:0 (for singles)
TT,Margin,2,,4:1 (for singles)
TT,Margin,3,,4:2 (for singles)
TT,Margin,4,,4:3 (for singles)
TT,Margin,5,,3:0 (for team events)
TT,Margin,6,,3:1 (for team events)
TT,Margin,7,,3:2 (for team events)
TT,Margin,8,,IRM (for singles or team events)
TT,MatchType,S,,Singles
TT,MatchType,D,,Doubles
TT,Period,G1,,Game 1
TT,Period,G2,,Game 2
TT,Period,G3,,Game 3
TT,Period,G4,,Game 4
TT,Period,G5,,Game 5
TT,Period,G6,,Game 6
TT,Period,G7,,Game 7
TT,PointMargin,1,,11
TT,PointMargin,10,,2
TT,PointMargin,11,,IRM
TT,PointMargin,2,,10
TT,PointMargin,3,,9
TT,PointMargin,4,,8
TT,PointMargin,5,,7
TT,PointMargin,6,,6
TT,PointMargin,7,,5
TT,PointMargin,8,,4
TT,PointMargin,9,,3
TT,QualifyingType,CQ,,Continental Qualification
TT,QualifyingType,HST,,Host Country Place
TT,QualifyingType,Qq,,Qualified for Team only
TT,QualifyingType,QR,,World Ranking
TT,QualifyingType,Qs,,Qualified for Singles 
TT,QualifyingType,TPC,,Tripartite Commission Place
TT,ResultType,IRM,,Invalid Results Mark
TT,ResultType,IRM_POINTS,,Invalid Results Mark with Points
TT,ResultType,POINTS,,Points
TT,Statistics,CUM,,Cumulative statistics
TT,Statistics,TOU,,Tournament statistics
TT,WLT,L,,Lost
TT,WLT,T,,Tied
TT,WLT,W,,Won
VO,Action,BLC,,Block
VO,Action,DIG,,Dig
VO,Action,NO_ACC,,No Action
VO,Action,OPP_ERR,,Opponent Error,"This occurs after a fault in the Spike, Serve or Set Actions"
VO,Action,RCP,,Reception
VO,Action,SET,,Set
VO,Action,SPK,,Spike
VO,Action,SRV,,Serve
VO,Action,STARTP,,Start of Period
VO,Action,SUBST,,Substitution
VO,Action,TF,,Team Fault,"When UnitAction Value has this value it must be followed by Result with a value of ""FLT"" "
VO,Action,TOUT,,Time Out
VO,ActionRole,IN,,In
VO,ActionRole,OUT,,Out
VO,AthleteStatus,SUSPEND,,Suspended
VO,Bracket,BRN,,Bronze
VO,Bracket,FNL,,Finals
VO,BracketItems,FNL,,Finals
VO,BracketItems,QFL,,Quarter-finals
VO,BracketItems,SFL,,Semi-finals
VO,Hand,B,,Left/Right
VO,Hand,L,,Left
VO,Hand,R,,Right
VO,IRM,DSQ,,Disqualified
VO,Period,S1,1,Set 1
VO,Period,S2,2,Set 2
VO,Period,S3,3,Set 3
VO,Period,S4,4,Set 4
VO,Period,S5,5,Set 5
VO,Period,TOT,6,Total
VO,ResAction,ACE,,Ace for Serve Action
VO,ResAction,BLC_SCS,,Kill Block for Block Action
VO,ResAction,DIG,,Dig for Dig Action
VO,ResAction,EXC,,Excellents for Reception Action
VO,ResAction,FLT,,"Fault for Spike, Block, Serve, Dig, Set, Reception Actions"
VO,ResAction,RCP,,Reception for Dig Action
VO,ResAction,REB,,Rebound for Block Action
VO,ResAction,RUN,,Running Set for Set Action
VO,ResAction,SHO,,Shot for Spike Action
VO,ResAction,SPK,,Spike for Spike Action
VO,ResAction,SRV_HIT,,Serve Hit for Serve Action
VO,ResAction,SRV_RCP,,Serve Reception for Reception Action
VO,ResAction,STL,,Still Set for Set Action
VO,ResultType,IRM_POINTS,,"For both, Points and Invalid Result Mark"
VO,ResultType,POINTS,,Points
VO,Statistics,CUM,,For cumulative data of individual statistics and team statistics. There will be one single report with the statistics of all the players of each team informed in the DocumentSubcode
VO,Statistics,IND_RANKING,,"Ranking of individual tournament statistics, for the best athletes"
VO,Statistics,TEAM_RANKING,,Ranking of team tournament statistics
VO,Statistics,TOU,,Tournament statistics
VO,WLT,L,,Lost
VO,WLT,W,,Won
WL,Group,A,,Group A
WL,Group,B,,Group B
WL,Group,C,,Group C
WL,IRM,DNF,,Did not finish
WL,IRM,DNS,,Did not start
WL,IRM,DSQ,,Disqualified
WL,ResultType,IRM,,Invalid Result Mark
WL,ResultType,WEIGHT,,Weight
WP,Action,2EXC,,Double Exclusion
WP,Action,ACT,,Action Shot
WP,Action,CAT,,Counter Attack
WP,Action,CNT,,Centre Shot
WP,Action,CRC,,Coach Red card
WP,Action,CRN,,Corner throw
WP,Action,CYC,,Coach Yellow card
WP,Action,EXC_WS,,Exclusion with substitution
WP,Action,EXC_WT,,Exclusion with substitution after 4 min
WP,Action,EXT,,Extra Player Shot
WP,Action,FRP,,Penalty foul
WP,Action,GKS,,Goalkeeper Substitution
WP,Action,LD,,Long distance shot
WP,Action,PTY,,Penalty Shot
WP,Action,RC,,Red card
WP,Action,SRT_GK,,Starting goalkeeper
WP,Action,ST,,Steal
WP,Action,STARTP,,Start of Period
WP,Action,SWP,,Sprint won possession
WP,Action,TFL,,Turnover foul
WP,Action,TOUT,,Time-out
WP,Action,TYC,,20 sec. exclusion in centre
WP,Action,TYF,,20 sec. exclusion in field
WP,Action,YC,,Yellow card
WP,ActionRole,ASSIST,,Assist
WP,ActionRole,SCR,,Scorer
WP,ActionRole,SWP,,Sprint Winner
WP,AthleteStatus,SUSPEND,,Suspended
WP,Bracket,5_8,,5-8
WP,Bracket,7_8,,7-8
WP,Bracket,BRN,,Bronze
WP,Bracket,FNL,,Finals
WP,BracketItems,FNL,,Finals
WP,BracketItems,QFL,,Quarterfinals
WP,BracketItems,SFL,,Semifinals
WP,Exclusions,N,,Exclusion with Substitution after 4 min.
WP,Exclusions,S,,Exclusion with Substitution
WP,Hand,L,,Left
WP,Hand,R,,Right
WP,IRM,DSQ,,Disqualified
WP,Period,PSO,5,Penalty Shoot Out
WP,Period,Q1,1,Quarter 1
WP,Period,Q2,2,Quarter 2
WP,Period,Q3,3,Quarter 3
WP,Period,Q4,4,Quarter 4
WP,Period,TOT,6,Total
WP,ResAction,BLC,,Blocked
WP,ResAction,GOAL,,Goal
WP,ResAction,MISS,,Missed
WP,ResAction,POST,,Post
WP,ResAction,SAVE,,Save
WP,ResultType,IRM_POINTS,,"For both, Points and Invalid Result Mark"
WP,ResultType,POINTS,,Points
WP,Statistics,CUM,,Cumulative Statistics
WP,Statistics,IND_RANKING,,Individual Tournament Statistics
WP,Statistics,TEAM_RANKING,,Team Statistics
WP,Uniform,BLUE,,Blue Cap
WP,Uniform,WHITE,,White Cap
WP,WLT,L,,Lost
WP,WLT,T,,Tied
WP,WLT,W,,Won
WR,Bracket,BRN1,,Bronze 1
WR,Bracket,BRN2,,Bronze 2
WR,Bracket,FNL,,Finals
WR,BracketItems,FNL,,Finals
WR,BracketItems,QFL,,Quarterfinals
WR,BracketItems,R16,,"Round of 16, 1/8 Finals"
WR,BracketItems,R32,,"Round of 32, 1/16 Finals"
WR,BracketItems,R64,,"Round of 64, 1/32 Finals"
WR,BracketItems,SFL,,Semifinals
WR,ChallengeType,ACCEPTED,,Accepted
WR,ChallengeType,AVAILABLE,,Available
WR,ChallengeType,REJECTED,,Rejected
WR,ChallengeType,REQUESTED,,Requested
WR,Period,P,,"Pause 30"""
WR,Period,P1,,1st Period
WR,Period,P2,,2nd Period
WR,PeriodStatus,E,,Ended
WR,PeriodStatus,IP,,In progress
WR,PeriodStatus,W,,Withdrawn
WR,QualifyingType,CQT,,Continental Qualification Tournament
WR,QualifyingType,HCP,,Host Country Place
WR,QualifyingType,IQT,,Interenational Qualification Tournament
WR,QualifyingType,TPC,,Tripartite Commision Place
WR,QualifyingType,WCH,,World Championships
WR,ResultCode,E2,,Both wrestlers have been disqualified due to infringement of the rules
WR,ResultCode,EV,,Disqualification from the whole competition due to infringement of the rules
WR,ResultCode,EX,,3 cautions due to error against the rules (for all the bout)
WR,ResultCode,PO,,Decision by Points - the loser without technical points
WR,ResultCode,PP,,Decision by Points - the loser with technical points
WR,ResultCode,SP,,Victory by Technical Superiority with the loser scoring technical points
WR,ResultCode,ST,,Great Superiority - a difference of 8 (Greco-Roman) or 10 (Freestyle) technical points - the loser without points
WR,ResultCode,VA,,Victory by Withdrawal
WR,ResultCode,VB,,Victory by Injury
WR,ResultCode,VF,,Victory by Forfeit
WR,ResultCode,VT,,Victory by Fall
WR,ResultType,IRM,,Invalid result mark
WR,ResultType,POINTS,,Points
WR,Statistics,TOU,,Tournament Statistics
WR,WLT,L,,Lost
WR,WLT,W,,Won
